{"name": "testik", "inventory": [], "level": 1, "hp": 90, "positionX": 717.1295550850532, "positionY": 849.5638689386077, "mapX": 5.0, "mapY": 6.0, "coins": 16}