{"name": "aaaaa", "level": 1, "hp": 100, "positionX": 1024.3397375711118, "positionY": 865.4799999999999, "mapX": 5.0, "mapY": 4.0, "coins": 6, "map_items": [{"name": "Shop", "pos_x": 168.0, "pos_y": 168.0, "map_x": 5.0, "map_y": 5.0}, {"name": "Basic fishing rod", "pos_x": 875.2673434686134, "pos_y": 274.1610405836327, "map_x": 5.0, "map_y": 5.0}, {"name": "Iron sword", "pos_x": 931.2673434686134, "pos_y": 274.1610405836327, "map_x": 5.0, "map_y": 5.0}, {"name": "Basic fishing rod", "pos_x": 986.7073434686134, "pos_y": 274.1610405836327, "map_x": 5.0, "map_y": 5.0}], "inventory_items": [{"name": "Iron axe", "pos_x": 504.0, "pos_y": 280.0, "map_x": 5.0, "map_y": 5.0}]}