{"name": "aaa", "level": 1, "hp": 100, "positionX": 618.0752224574708, "positionY": 165.87522245747058, "mapX": 5.0, "mapY": 5.0, "coins": 4, "map_items": [{"name": "Shop", "pos_x": 168.0, "pos_y": 168.0, "map_x": 5.0, "map_y": 5.0}, {"name": "Iron sword", "pos_x": 368.0352224574706, "pos_y": 165.87522245747058, "map_x": 5.0, "map_y": 5.0}, {"name": "Basic fishing rod", "pos_x": 423.19522245747066, "pos_y": 165.87522245747058, "map_x": 5.0, "map_y": 5.0}, {"name": "Iron fishing rod", "pos_x": 511.6752224574707, "pos_y": 165.87522245747058, "map_x": 5.0, "map_y": 5.0}], "inventory_items": []}