{"name": "test", "level": 1, "hp": 100, "positionX": 1084.946302884979, "positionY": 822.6253435196304, "mapX": 5.0, "mapY": 4.0, "coins": 6, "map_items": [{"name": "Shop", "pos_x": 168.0, "pos_y": 168.0, "map_x": 5.0, "map_y": 5.0}, {"name": "Iron sword", "pos_x": 690.8536666581639, "pos_y": 298.66633334183604, "map_x": 5.0, "map_y": 5.0}, {"name": "Basic fishing rod", "pos_x": 896.0936666581639, "pos_y": 298.66633334183604, "map_x": 5.0, "map_y": 5.0}], "inventory_items": [{"name": "Basic fishing rod", "pos_x": 0.0, "pos_y": 0.0, "map_x": 0.0, "map_y": 0.0}, {"name": "Iron axe", "pos_x": 504.0, "pos_y": 280.0, "map_x": 5.0, "map_y": 5.0}]}