{"name": "testik", "inventory": [], "level": 1, "positionX": 1508.8406761217043, "positionY": 220.91999999999985, "mapX": 5.0, "mapY": 6.0, "coins": 6}