{"inventory": [], "level": 1, "positionX": 1104.8234745300047, "positionY": 695.6291515445253, "mapX": 5.0, "mapY": 5.0}